payment_type,ingreso_total,cant_transacciones
credit_card,12542084.189999174,76795
boleto,2869361.269999859,19784
voucher,379436.87000000296,5775
debit_card,217989.7899999995,1529
not_defined,0.0,3
